,hostname,pair,Pratio,j,k,Pres,Delta
25,24 Sex,bc,1.9500883392226147,2,1,2.0,-0.024955830388692646
43,47 UMa,bc,2.207348596750369,2,1,2.0,0.1036742983751846
46,47 UMa,cd,5.856127143454621,3,2,3.0,0.9520423811515405
83,55 Cnc,eb,19.891345004388693,3,2,3.0,5.630448334796231
55,55 Cnc,bc,3.0290560371305713,3,2,3.0,0.009685345710190418
67,55 Cnc,cf,5.87917176483313,3,2,3.0,0.9597239216110433
94,55 Cnc,fd,18.653941972327623,3,2,3.0,5.217980657442541
98,61 Vir,bc,9.020403321470937,3,2,3.0,2.006801107156979
99,61 Vir,cd,3.235317324636385,3,2,3.0,0.07843910821212836
101,7 CMa,bc,1.2512562814070352,5,1,1.25,0.0010050251256281228
135,BD-08 2823,bc,42.42857142857143,3,2,3.0,13.142857142857144
193,CoRoT-20,bc,181.2146901823831,3,2,3.0,59.40489672746103
205,CoRoT-24,bc,2.299644072437126,2,1,2.0,0.14982203621856294
235,CoRoT-7,bc,4.3322824053464535,3,2,3.0,0.4440941351154845
257,DMPP-1,de,1.9139486467730742,2,1,2.0,-0.043025676613462904
258,DMPP-1,ec,1.1936185641769397,5,1,1.25,-0.04510514865844826
256,DMPP-1,cb,2.8204738760631836,3,2,3.0,-0.059842041312272144
271,K2-166,cb,2.241268293452206,2,1,2.0,0.12063414672610295
272,K2-16,db,2.806254556701942,3,2,3.0,-0.06458181443268603
2650,K2-16,bc,2.5022667123289466,3,2,3.0,-0.16591109589035113
273,K2-50,cb,2.209175469816869,2,1,2.0,0.10458773490843454
279,K2-168,cb,1.96905321038287,2,1,2.0,-0.015473394808565022
313,EPIC 212737443,bc,4.818789972800118,3,2,3.0,0.6062633242667058
315,K2-282,cb,5.912747586167785,3,2,3.0,0.9709158620559283
323,EPIC 220674823,bc,23.35304620285847,3,2,3.0,6.784348734286156
336,EPIC 249893012,bc,4.345915273566799,3,2,3.0,0.4486384245222664
337,EPIC 249893012,cd,2.2879544290834612,2,1,2.0,0.14397721454173062
344,GJ 1061,bc,2.0877028714107366,2,1,2.0,0.043851435705368313
345,GJ 1061,cd,1.9481237853191808,2,1,2.0,-0.025938107340409577
350,GJ 1132,bc,5.481516778481465,3,2,3.0,0.8271722594938217
352,GJ 1148,bc,12.870468825519575,3,2,3.0,3.290156275173192
1669,GJ 143,cb,4.571611041434262,3,2,3.0,0.523870347144754
376,GJ 15 A,bc,664.1440843113437,3,2,3.0,220.38136143711458
399,GJ 317,bc,7.676300578034682,3,2,3.0,1.558766859344894
421,GJ 357,bc,2.321381324541051,2,1,2.0,0.16069066227052553
423,GJ 357,cd,6.100036165572567,3,2,3.0,1.0333453885241888
428,GJ 3998,bc,5.185355710118237,3,2,3.0,0.7284519033727456
471,GJ 581,eb,1.7048586852969196,5,2,1.6666666666666667,0.022915211178151738
464,GJ 581,bc,2.405468837313266,2,1,2.0,0.2027344186566331
477,GJ 667 C,bc,3.910058244660906,3,2,3.0,0.303352748220302
484,GJ 667 C,cf,1.3861125910140295,7,2,1.4,-0.009919577847121719
486,GJ 667 C,fe,1.59483421308871,5,2,1.6666666666666667,-0.04309947214677399
485,GJ 667 C,eg,4.116323907455013,3,2,3.0,0.37210796915167094
495,GJ 676 A,de,9.82919039022358,3,2,3.0,2.2763967967411936
496,GJ 676 A,eb,29.70048036168409,3,2,3.0,8.900160120561363
506,GJ 832,cb,102.49439461883408,3,2,3.0,33.16479820627803
528,GJ 876,dc,15.521531594292643,3,2,3.0,4.173843864764215
522,GJ 876,cb,2.0307596148731317,2,1,2.0,0.015379807436565862
519,GJ 876,be,2.036606528928326,2,1,2.0,0.01830326446416297
537,GJ 9827,bc,3.0174835537240057,3,2,3.0,0.005827851241335225
541,GJ 9827,cd,1.6999248646480905,5,2,1.6666666666666667,0.019954918788854224
571,HAT-P-11,bc,697.0412330496149,3,2,3.0,231.34707768320496
599,HAT-P-13,bc,152.8747618554323,3,2,3.0,49.95825395181077
625,HAT-P-17,bc,155.72828606028716,3,2,3.0,50.90942868676239
780,HAT-P-44,bc,202.78115681790845,3,2,3.0,66.59371893930282
936,HATS-59,bc,262.55146479530123,3,2,3.0,86.51715493176708
968,HD 10180,cd,2.840066045221184,3,2,3.0,-0.05331131825960537
969,HD 10180,de,3.04103827508421,3,2,3.0,0.013679425028069995
972,HD 10180,ef,2.467785707106242,2,1,2.0,0.23389285355312106
973,HD 10180,fg,4.897360703812317,3,2,3.0,0.6324535679374389
975,HD 10180,gh,3.695941450432468,3,2,3.0,0.23198048347748937
993,HD 102329,bc,1.4432592582768091,7,2,1.4,0.030899470197720866
1023,HD 106315,bc,2.204272866314852,2,1,2.0,0.10213643315742593
1056,HD 108874,bc,4.0855345911949685,3,2,3.0,0.3618448637316562
1064,HD 109271,bc,3.9379702837935904,3,2,3.0,0.3126567612645301
1079,HD 113538,bc,6.904671477402203,3,2,3.0,1.3015571591340676
1095,HD 114783,bc,8.74822766862467,3,2,3.0,1.9160758895415568
1104,HD 11506,cb,7.260641869209077,3,2,3.0,1.4202139564030256
1108,HD 116029,bc,1.353731343283582,4,1,1.3333333333333333,0.015298507462686572
1127,HD 11964,cb,51.595884990767615,3,2,3.0,16.198628330255872
1142,HD 125612,cb,134.0604648700164,3,2,3.0,43.6868216233388
1140,HD 125612,bd,5.089401120206808,3,2,3.0,0.6964670400689359
1149,HD 12661,bc,6.5014902420548975,3,2,3.0,1.1671634140182992
1163,HD 128311,bc,2.034214900478788,2,1,2.0,0.017107450239393973
1190,HD 134987,bc,19.36633431583912,3,2,3.0,5.455444771946373
1202,HD 13908,bc,48.034258590444736,3,2,3.0,15.011419530148245
1213,HD 141399,bc,2.1388182973316394,2,1,2.0,0.06940914866581971
1216,HD 141399,cd,5.2963017971186686,3,2,3.0,0.7654339323728895
1217,HD 141399,de,3.4748083753972705,3,2,3.0,0.15826945846575682
1225,HD 142,bc,17.171861595653418,3,2,3.0,4.723953865217806
1249,HD 147018,bc,22.786870422280497,3,2,3.0,6.595623474093499
1255,HD 147873,bc,4.215753542145528,3,2,3.0,0.40525118071517596
1258,HD 148164,bc,15.407091766854359,3,2,3.0,4.13569725561812
1286,HD 15337,bc,3.6118288952198734,3,2,3.0,0.20394296507329113
1300,HD 154857,bc,8.448360254527655,3,2,3.0,1.8161200848425516
1310,HD 156279,bc,31.980160244181608,3,2,3.0,9.660053414727203
1321,HD 159243,bc,19.683042789223457,3,2,3.0,5.561014263074486
1328,HD 159868,cb,3.373504273504273,3,2,3.0,0.12450142450142436
1330,HD 1605,bc,3.7231462231462227,3,2,3.0,0.24104874104874088
1338,HD 160691,bc,4.642052079284881,3,2,3.0,0.5473506930949604
1355,HD 163607,bc,16.910328727750358,3,2,3.0,4.636776242583452
1369,HD 164922,cb,15.852966409291888,3,2,3.0,4.284322136430629
1378,HD 168443,bc,30.111093195660068,3,2,3.0,9.037031065220022
1417,HD 176986,bc,2.591620697093901,3,2,3.0,-0.13612643430203297
1459,HD 183263,bc,7.493201087825947,3,2,3.0,1.4977336959419825
1472,HD 187123,bc,1091.5237497160585,3,2,3.0,362.84124990535287
1505,HD 190360,cb,167.53122334770367,3,2,3.0,54.843741115901224
1547,HD 200964,bc,1.3440860215053765,4,1,1.3333333333333333,0.008064516129032417
1553,HD 202696,bc,1.828118964851294,5,2,1.6666666666666667,0.0968713789107764
1583,HD 207832,bc,7.219966264759169,3,2,3.0,1.4066554215863896
1587,HD 20794,bc,2.19022659022659,2,1,2.0,0.09511329511329492
1590,HD 20794,cd,2.2513087700054846,2,1,2.0,0.12565438500274229
1592,HD 20794,de,1.6279662049186683,5,2,1.6666666666666667,-0.023220277048799077
1635,HD 213885,bc,4.746888748902568,3,2,3.0,0.5822962496341892
1641,HD 215152,bc,1.2643129588766646,5,1,1.25,0.011450367101331693
1642,HD 215152,cd,1.4919456829657134,3,1,1.5,-0.005369544689524404
1643,HD 215152,de,2.319072544015227,2,1,2.0,0.15953627200761344
1659,HD 217107,bc,728.0920620425923,3,2,3.0,241.69735401419743
1676,HD 219134,bc,2.1871134323937915,2,1,2.0,0.09355671619689576
1679,HD 219134,cf,3.3712366473602207,3,2,3.0,0.12374554912007356
1686,HD 219134,fd,2.048235036176277,2,1,2.0,0.024117518088138556
1684,HD 219134,dg,2.01669877970456,2,1,2.0,0.008349389852279954
1687,HD 219134,gh,23.853503184713375,3,2,3.0,6.951167728237792
1695,HD 219828,bc,1249.319732237221,3,2,3.0,415.4399107457403
1735,HD 23472,bc,1.6864496377978424,5,2,1.6666666666666667,0.011869782678705398
1789,HD 30177,bc,4.59405893592528,3,2,3.0,0.53135297864176
1809,HD 3167,bd,8.86685750191999,3,2,3.0,1.9556191673066632
1818,HD 3167,dc,3.507509695616406,3,2,3.0,0.16916989853880202
1825,HD 33142,bc,2.558282208588957,3,2,3.0,-0.14723926380368102
1832,HD 33844,bc,1.6612259100026872,5,2,1.6666666666666667,-0.0032644539983877506
1839,HD 34445,ed,2.3969496695475345,2,1,2.0,0.19847483477376726
1838,HD 34445,dc,1.8212437431068125,5,2,1.6666666666666667,0.09274624586408743
1837,HD 34445,cf,3.1527460753715,3,2,3.0,0.050915358457166736
1840,HD 34445,fb,1.5613179669030735,3,1,1.5,0.040878644602048965
1834,HD 34445,bg,5.394151604050345,3,2,3.0,0.7980505346834482
1847,HD 37124,bc,5.735920921374808,3,2,3.0,0.9119736404582692
1854,HD 37124,cd,2.102766798418972,2,1,2.0,0.05138339920948609
1862,HD 37605,bc,49.44293086060511,3,2,3.0,15.480976953535036
1871,HD 38529,bc,149.2790773084062,3,2,3.0,48.759692436135396
26237,HD 39091,cb,333.94408115479206,3,2,3.0,110.31469371826402
1890,HD 40307,bc,2.2314043836251884,2,1,2.0,0.11570219181259422
1893,HD 40307,cd,2.1223507644973862,2,1,2.0,0.06117538224869312
1895,HD 40307,df,2.525161005950486,3,2,3.0,-0.1582796646831713
1900,HD 40307,fg,3.808048875096974,3,2,3.0,0.2693496250323246
1915,HD 4203,bc,16.13774167715364,3,2,3.0,4.37924722571788
1947,HD 4732,bc,7.584675180455303,3,2,3.0,1.5282250601517677
1949,HD 47366,bc,1.90129472365307,2,1,2.0,-0.049352638173465024
1965,HD 50499,bc,3.4705882352941178,3,2,3.0,0.15686274509803924
1981,HD 5319,bc,1.3733166301284059,7,2,1.4,-0.019059549908281452
1996,HD 60532,bc,2.9722634967805845,3,2,3.0,-0.009245501073138485
2017,HD 65216,cb,3.7850589777195283,3,2,3.0,0.2616863259065094
2025,HD 67087,bc,6.740488358886997,3,2,3.0,1.2468294529623323
2055,HD 73526,bc,2.0068819481206988,2,1,2.0,0.0034409740603493777
2063,HD 74156,bc,47.42391820056741,3,2,3.0,14.807972733522469
2080,HD 75784,bc,11.365767878077374,3,2,3.0,2.7885892926924583
2095,HD 7924,bc,2.8347282466708297,3,2,3.0,-0.05509058444305678
2098,HD 7924,cd,1.5982090332701484,5,2,1.6666666666666667,-0.041074580037911
2123,HD 82943,cb,2.005970610419942,2,1,2.0,0.0029853052099710897
2170,HD 92788,bc,35.648094989561585,3,2,3.0,10.882698329853861
2178,HD 9446,bc,6.418873951816851,3,2,3.0,1.139624650605617
2186,HD 95089,bc,3.843669250645995,3,2,3.0,0.28122308354866493
2223,HD 99706,bc,1.4723502304147464,3,1,1.5,-0.018433179723502374
2233,HIP 14810,bc,14.277231336677309,3,2,3.0,3.7590771122257696
2240,HIP 14810,cd,10.303857807182055,3,2,3.0,2.434619269060685
2245,HIP 41378,bc,2.036108429320185,2,1,2.0,0.018054214660092605
2247,HIP 41378,ce,4.131647537033439,3,2,3.0,0.377215845677813
2251,HIP 41378,ed,1.1908396946564885,5,1,1.25,-0.047328244274809174
2250,HIP 41378,df,2.076923076923077,2,1,2.0,0.03846153846153855
2257,HIP 5158,bc,26.090790729971356,3,2,3.0,7.696930243323785
2260,HIP 54373,bc,1.9515463917525775,2,1,2.0,-0.024226804123711254
2262,HIP 57274,bc,3.9372111318713743,3,2,3.0,0.3124037106237914
2265,HIP 57274,cd,13.477989384951607,3,2,3.0,3.4926631283172025
2268,HIP 65407,bc,2.392888888888889,2,1,2.0,0.19644444444444442
2274,HIP 67851,bc,18.290213723284587,3,2,3.0,5.096737907761529
2298,HR 858,bc,1.6656292962333972,5,2,1.6666666666666667,-0.0006224222599617412
2299,HR 858,cd,1.8801492734721486,2,1,2.0,-0.059925363263925724
2317,HR 8799,ed,1.9998241703337882,2,1,2.0,-8.791483310588433e-05
2311,HR 8799,dc,2.000000240225581,2,1,2.0,1.2011279060253344e-07
2306,HR 8799,cb,1.999999879887224,2,1,2.0,-6.005638797379476e-08
2429,K2-117,bc,4.215104463051785,3,2,3.0,0.40503482101726157
2541,K2-133,bc,1.5851133107580098,5,2,1.6666666666666667,-0.048932013545194185
2542,K2-133,cd,2.264602933322378,2,1,2.0,0.13230146666118903
2545,K2-133,de,2.4113568457278034,2,1,2.0,0.2056784228639017
2548,K2-136,bc,2.1700944617451,2,1,2.0,0.08504723087255006
2551,K2-136,cd,1.4777178339779709,3,1,1.5,-0.014854777348019432
2555,K2-138,bc,1.5127654872897562,3,1,1.5,0.008510324859837493
2556,K2-138,cd,1.5182520710025926,3,1,1.5,0.012168047335061752
2557,K2-138,de,1.5285432524543092,3,1,1.5,0.01902883496953948
2558,K2-138,ef,1.544233208738428,3,1,1.5,0.02948880582561871
2580,K2-141,bc,27.641367481608693,3,2,3.0,8.213789160536232
2589,K2-146,bc,1.514372812089028,3,1,1.5,0.009581874726018716
2619,K2-154,bc,2.1637711316931196,2,1,2.0,0.08188556584655982
2625,K2-155,bc,2.1839193524232896,2,1,2.0,0.0919596762116448
2627,K2-155,cd,2.936584471510796,3,2,3.0,-0.02113850949640132
2641,K2-158,cb,1.7043618356743166,5,2,1.6666666666666667,0.022617101404589945
2675,K2-165,bc,1.8610445385801733,2,1,2.0,-0.06947773070991337
2677,K2-165,cd,3.2174723831753846,3,2,3.0,0.07249079439179489
2708,K2-170,bc,1.6371510814165366,5,2,1.6666666666666667,-0.017709351150078056
2719,K2-172,bc,2.0693540610385974,2,1,2.0,0.03467703051929871
2762,K2-18,cb,3.6754767908948893,3,2,3.0,0.22515893029829645
2783,K2-183,bc,22.998165301830223,3,2,3.0,6.666055100610074
2791,K2-183,cd,2.096798403371155,2,1,2.0,0.04839920168557743
2811,K2-187,bc,3.710165674617274,3,2,3.0,0.23672189153909132
2817,K2-187,cd,2.4898767942833664,2,1,2.0,0.2449383971416832
2821,K2-187,de,1.902796930900506,2,1,2.0,-0.04860153454974703
2835,K2-188,bc,4.479444148336501,3,2,3.0,0.49314804944550045
2844,K2-189,bc,2.580618115362473,3,2,3.0,-0.13979396154584225
2883,K2-19,db,3.1573207648419257,3,2,3.0,0.052440254947308564
2866,K2-19,bc,1.5035916617483982,3,1,1.5,0.0023944411655988005
2888,K2-190,bc,2.1362834292748745,2,1,2.0,0.06814171463743723
2917,K2-195,bc,1.7958190676351784,5,2,1.6666666666666667,0.07749144058110699
2935,K2-198,cd,2.217527534110776,2,1,2.0,0.10876376705538804
2937,K2-198,db,2.2876278938236614,2,1,2.0,0.1438139469118307
2943,K2-199,bc,2.2864041292639694,2,1,2.0,0.1432020646319847
2956,K2-201,bc,21.491480516245428,3,2,3.0,6.163826838748476
2985,K2-21,bc,1.6625002144891727,5,2,1.6666666666666667,-0.002499871306496404
3033,K2-219,bc,1.7092645286985055,5,2,1.6666666666666667,0.025558717219103275
3035,K2-219,cd,1.6705655798802281,5,2,1.6666666666666667,0.002339347928136837
3060,K2-223,bc,9.027768657159246,3,2,3.0,2.009256219053082
3069,K2-224,bc,2.254296049806736,2,1,2.0,0.12714802490336807
3091,K2-229,bc,14.254433109680955,3,2,3.0,3.751477703226985
3108,K2-233,bc,2.8618174154798863,3,2,3.0,-0.046060861506704555
3109,K2-233,cd,3.4506090842918278,3,2,3.0,0.15020302809727593
3114,K2-239,bc,1.4837786259541985,3,1,1.5,-0.010814249363867656
3115,K2-239,cd,1.3009646302250804,4,1,1.3333333333333333,-0.02427652733118968
3118,K2-24,bc,2.028402120941956,2,1,2.0,0.014201060470977911
3137,K2-240,bc,3.4012263838249917,3,2,3.0,0.13374212794166387
3143,K2-243,bc,2.161355834695048,2,1,2.0,0.08067791734752405
3154,K2-247,bc,2.8860595233333775,3,2,3.0,-0.03798015888887418
3172,K2-254,bc,2.958309633604222,3,2,3.0,-0.013896788798592722
3199,K2-264,bc,3.3671959683343697,3,2,3.0,0.12239865611145657
3208,K2-266,bc,11.865930474819445,3,2,3.0,2.9553101582731482
3209,K2-266,cd,1.880854875863834,2,1,2.0,-0.059572562068083035
3210,K2-266,de,1.3255766482955706,4,1,1.3333333333333333,-0.005817513778321959
3213,K2-268,bc,4.333567193859534,3,2,3.0,0.44452239795317805
3234,K2-270,bc,2.850583626831285,3,2,3.0,-0.04980545772290501
3268,K2-275,bc,2.5721315912352165,3,2,3.0,-0.1426228029215945
3317,K2-285,bc,2.056040406193427,2,1,2.0,0.028020203096713603
3318,K2-285,cd,1.4648010212315745,3,1,1.5,-0.023465985845616988
3319,K2-285,de,1.411930389008227,7,2,1.4,0.008521706434447988
3337,K2-290,bc,5.250617424674189,3,2,3.0,0.7502058082247297
3351,K2-3,bc,2.451267804885035,2,1,2.0,0.22563390244251758
3360,K2-3,cd,1.8078159956959197,5,2,1.6666666666666667,0.08468959741755175
3427,K2-32,eb,2.0675583454047963,2,1,2.0,0.033779172702398164
3395,K2-32,bc,2.297791218834304,2,1,2.0,0.14889560941715207
3413,K2-32,cd,1.5349209990620363,3,1,1.5,0.023280666041357517
3447,K2-35,bc,1.000001666694445,5,1,1.25,-0.19999866664444407
3475,K2-36,cb,1.0000084352475254,5,1,1.25,-0.19999325180197972
3479,K2-37,bc,1.4469326672067693,7,2,1.4,0.033523333719120973
3487,K2-37,cd,2.1918847080451473,2,1,2.0,0.09594235402257367
3499,K2-38,bc,2.629395787015483,3,2,3.0,-0.12353473766150562
3535,K2-43,cb,1.5785898664959133,3,1,1.5,0.052393244330608844
3569,K2-5,bc,1.906146441465077,2,1,2.0,-0.04692677926746147
3623,K2-58,cb,2.7797704518320536,3,2,3.0,-0.07340984938931545
3612,K2-58,bd,3.244534720080539,3,2,3.0,0.08151157336017967
3637,K2-59,cb,1.8317023188290333,5,2,1.6666666666666667,0.09902139129741995
3662,K2-62,bc,2.427776845184923,2,1,2.0,0.21388842259246155
3675,K2-63,bc,1.2561817490982123,5,1,1.25,0.004945399278569873
3724,K2-72,bd,1.391358262873995,7,2,1.4,-0.006172669375717715
3731,K2-72,dc,1.9573744507016844,2,1,2.0,-0.021312774649157817
3727,K2-72,ce,1.5905373812547607,5,2,1.6666666666666667,-0.0456775712471436
3753,K2-75,bc,2.339116803176459,2,1,2.0,0.16955840158822943
3787,K2-8,cb,2.044368782672752,2,1,2.0,0.022184391336375953
3797,K2-80,cb,3.407826960442341,3,2,3.0,0.13594232014744692
3791,K2-80,bd,1.512145319752146,3,1,1.5,0.008096879834763962
3810,K2-83,bc,3.6394044980794487,3,2,3.0,0.21313483269314956
3823,K2-84,bc,4.337342267916013,3,2,3.0,0.44578075597200445
3871,K2-90,cb,4.735266290143507,3,2,3.0,0.5784220967145023
3941,KELT-6,bc,162.63930244258103,3,2,3.0,53.21310081419367
18817,KIC 5437945,cb,2.002381688400852,2,1,2.0,0.0011908442004260333
3969,KOI-7892,bc,2.364043898283239,2,1,2.0,0.1820219491416195
18789,KIC 9663113,cb,27.597732767715375,3,2,3.0,8.199244255905125
4013,KOI-12,bc,140.01499770087813,3,2,3.0,45.67166590029271
4045,KOI-142,bc,2.0464710778053714,2,1,2.0,0.023235538902685704
4058,KOI-1599,bc,1.498816776440346,3,1,1.5,-0.0007888157064360376
4079,KOI-351,bc,1.2441762456316936,5,1,1.25,-0.00465900349464512
4085,KOI-351,ci,1.6571279478173608,5,2,1.6666666666666667,-0.0057232313095835425
23971,KOI-351,id,4.134314924369097,3,2,3.0,0.3781049747896989
4092,KOI-351,de,1.5390630657826982,3,1,1.5,0.026042043855132164
4097,KOI-351,ef,1.3586512682212626,4,1,1.3333333333333333,0.018988451165946996
4106,KOI-351,fg,1.6859147959894576,5,2,1.6666666666666667,0.011548877593674511
4117,KOI-351,gh,1.5745844589601612,3,1,1.5,0.049722972640107464
4136,KOI-94,bc,2.7847219836579775,3,2,3.0,-0.07175933878067416
4146,KOI-94,cd,2.143481296803101,2,1,2.0,0.07174064840155059
4158,KOI-94,de,2.4311889932227624,2,1,2.0,0.2155944966113812
4185,Kepler-10,bc,54.08315671362822,3,2,3.0,17.02771890454274
4219,Kepler-100,bc,1.8608748857665287,2,1,2.0,-0.06956255711673565
4232,Kepler-100,cd,2.756910662693282,3,2,3.0,-0.08102977910223934
4341,Kepler-101,bc,1.7288734889157806,5,2,1.6666666666666667,0.03732409334946833
4417,Kepler-1016,bc,54.05650865820934,3,2,3.0,17.018836219403113
4455,Kepler-102,bc,1.3375266066153544,4,1,1.3333333333333333,0.0031449549615158445
4465,Kepler-102,cd,1.4582196017563087,3,1,1.5,-0.027853598829127524
4485,Kepler-102,de,1.5657582606817335,3,1,1.5,0.04383884045448901
4486,Kepler-102,ef,1.7003874920919129,5,2,1.6666666666666667,0.020232495255147673
4599,Kepler-103,bc,11.249868601815901,3,2,3.0,2.7499562006053004
4703,Kepler-104,bc,2.0711700785510385,2,1,2.0,0.03558503927551926
4715,Kepler-104,cd,2.1866851497577744,2,1,2.0,0.0933425748788872
4805,Kepler-1047,cb,17.619729392959844,3,2,3.0,4.873243130986615
4834,Kepler-105,bc,1.316642842886057,4,1,1.3333333333333333,-0.012517867835457164
4856,Kepler-1050,bc,1.373888950000224,7,2,1.4,-0.01865074999983991
4953,Kepler-106,bc,2.201306638018307,2,1,2.0,0.10065331900915342
4959,Kepler-106,cd,1.766974964217873,5,2,1.6666666666666667,0.06018497853072371
4972,Kepler-106,de,1.8284310149520384,5,2,1.6666666666666667,0.097058608971223
5039,Kepler-1065,cb,1.5227188314555469,3,1,1.5,0.01514588763703125
5076,Kepler-107,bc,1.541319213597844,3,1,1.5,0.02754614239856264
5089,Kepler-107,cd,1.6236698822120985,5,2,1.6666666666666667,-0.025798070672740935
5107,Kepler-107,de,1.8533026521827867,2,1,2.0,-0.07334867390860667
5159,Kepler-1073,cb,2.1558022399953995,2,1,2.0,0.07790111999769977
5213,Kepler-108,bc,3.869571534226523,3,2,3.0,0.2898571780755077
5285,Kepler-1086,bc,8.598493444366754,3,2,3.0,1.866164481455585
5325,Kepler-109,bc,3.2742758666261436,3,2,3.0,0.09142528887538119
5378,Kepler-1093,bc,3.5770241490442727,3,2,3.0,0.19234138301475756
5443,Kepler-11,bc,1.2640599355881459,5,1,1.25,0.011247948470516711
5457,Kepler-11,cd,1.7418277278092151,5,2,1.6666666666666667,0.04509663668552903
5472,Kepler-11,de,1.4102895014608872,7,2,1.4,0.007349643900633752
5486,Kepler-11,ef,1.4591357448139273,3,1,1.5,-0.027242836790715153
5493,Kepler-11,fg,2.5356432034306398,3,2,3.0,-0.1547855988564534
5521,Kepler-110,bc,2.4993889276593606,2,1,2.0,0.2496944638296803
5622,Kepler-111,bc,67.26022049558752,3,2,3.0,21.420073498529174
5727,Kepler-112,bc,3.39810652921605,3,2,3.0,0.13270217640534998
5825,Kepler-1129,bc,3.144497101164493,3,2,3.0,0.04816570038816437
5841,Kepler-113,bc,1.8773815964649667,2,1,2.0,-0.06130920176751664
5951,Kepler-114,bc,1.5498229115249225,3,1,1.5,0.03321527434994831
5968,Kepler-114,cd,1.4644487199683924,3,1,1.5,-0.023700853354405044
6013,Kepler-1143,bc,72.90979312454684,3,2,3.0,23.303264374848947
6074,Kepler-115,bc,3.74053029831839,3,2,3.0,0.24684343277279672
6130,Kepler-1154,bc,1.6310648466594944,5,2,1.6666666666666667,-0.021361092004303427
6189,Kepler-116,bc,2.189987261213812,2,1,2.0,0.09499363060690591
6290,Kepler-117,bc,2.702208091051241,3,2,3.0,-0.09926396964958635
6391,Kepler-118,bc,2.6830141715996576,3,2,3.0,-0.10566194280011414
6502,Kepler-119,bc,1.703128400287787,5,2,1.6666666666666667,0.02187704017267209
6617,Kepler-120,bc,2.0268582653900324,2,1,2.0,0.013429132695016222
6716,Kepler-121,bc,12.906169264353567,3,2,3.0,3.302056421451189
6819,Kepler-122,bc,2.161919921914241,2,1,2.0,0.08095996095712055
6836,Kepler-122,cd,1.7316734010872588,5,2,1.6666666666666667,0.03900404065235521
6840,Kepler-122,de,1.7600775211498554,5,2,1.6666666666666667,0.05604651268991318
6850,Kepler-122,ef,1.4807361314902614,3,1,1.5,-0.012842579006492402
6956,Kepler-123,bc,1.5491384498255631,3,1,1.5,0.03275896655037543
7059,Kepler-124,bc,4.052660310727407,3,2,3.0,0.35088677024246895
7072,Kepler-124,cd,2.239343253840826,2,1,2.0,0.119671626920413
7143,Kepler-1245,cb,1.4827064479543632,3,1,1.5,-0.011529034697091175
7190,Kepler-125,bc,1.3866060266804126,7,2,1.4,-0.009567123799705257
7252,Kepler-1254,cd,1.5905151218599396,5,2,1.6666666666666667,-0.04569092688403629
7257,Kepler-1254,db,1.7445141644822815,5,2,1.6666666666666667,0.046708498689368834
7301,Kepler-126,bc,2.083683919171045,2,1,2.0,0.04184195958552239
7312,Kepler-126,cd,4.585482464121054,3,2,3.0,0.5284941547070181
7423,Kepler-127,bc,2.036104214901046,2,1,2.0,0.018052107450523103
7432,Kepler-127,cd,1.6544739175556218,5,2,1.6666666666666667,-0.007315649466626972
7542,Kepler-128,bc,1.5111481054912594,3,1,1.5,0.0074320703275062945
7653,Kepler-129,bc,5.205233341813106,3,2,3.0,0.7350777806043686
7747,Kepler-130,bc,3.2526023055608615,3,2,3.0,0.08420076852028717
7757,Kepler-130,cd,3.1814585561454667,3,2,3.0,0.06048618538182223
7866,Kepler-131,bc,1.5856877334817159,5,2,1.6666666666666667,-0.04858735991097052
7904,Kepler-1311,cb,4.405943428046308,3,2,3.0,0.46864780934876943
7977,Kepler-132,bc,1.0383210360586255,5,1,1.25,-0.16934317115309963
7991,Kepler-132,cd,2.807544945898201,3,2,3.0,-0.06415168470059962
8001,Kepler-132,de,6.123583927888848,3,2,3.0,1.0411946426296161
8036,Kepler-1321,cb,4.998148117565159,3,2,3.0,0.6660493725217197
8114,Kepler-133,bc,3.8767377768754927,3,2,3.0,0.2922459256251642
8192,Kepler-1336,cb,4.015600348106312,3,2,3.0,0.3385334493687706
8227,Kepler-134,bc,1.9004774236324984,2,1,2.0,-0.04976128818375081
8330,Kepler-135,bc,1.9072836937436226,2,1,2.0,-0.046358153128188695
8352,Kepler-1350,cb,2.5452098193369066,3,2,3.0,-0.1515967268876978
8437,Kepler-136,bc,1.416308527887137,7,2,1.4,0.011648948490812217
8508,Kepler-1365,cb,1.6126556729589059,5,2,1.6666666666666667,-0.03240659622465651
8547,Kepler-137,bc,2.2208260691703696,2,1,2.0,0.11041303458518481
8573,Kepler-1370,cb,2.7231572647199447,3,2,3.0,-0.09228091176001844
8588,Kepler-1371,cb,1.7184541454524092,5,2,1.6666666666666667,0.031072487271445445
8661,Kepler-138,bc,1.3362567300032218,4,1,1.3333333333333333,0.0021925475024163754
8673,Kepler-138,cd,1.6754107430460061,5,2,1.6666666666666667,0.0052464458276036295
8779,Kepler-1388,cb,2.219184928861704,2,1,2.0,0.10959246443085191
8774,Kepler-1388,bd,1.7057980697141701,5,2,1.6666666666666667,0.023478841828502038
8786,Kepler-1388,de,1.795800682280653,5,2,1.6666666666666667,0.0774804093683917
8808,Kepler-139,bc,9.9590118156455,3,2,3.0,2.3196706052151668
8899,Kepler-1398,bc,1.4842380518401275,3,1,1.5,-0.01050796543991502
8930,Kepler-140,bc,28.07143584471615,3,2,3.0,8.35714528157205
9032,Kepler-141,bc,2.255934080944577,2,1,2.0,0.12796704047228857
9131,Kepler-142,bc,2.3524510811317905,2,1,2.0,0.17622554056589523
9146,Kepler-142,cd,8.78039624560221,3,2,3.0,1.92679874853407
9238,Kepler-143,bc,1.691863235119862,5,2,1.6666666666666667,0.015117941071917107
9333,Kepler-144,bc,1.7169209974233786,5,2,1.6666666666666667,0.03015259845402709
9433,Kepler-145,bc,1.8684628728743782,2,1,2.0,-0.06576856356281091
9535,Kepler-146,bc,2.462633962968494,2,1,2.0,0.23131698148424706
9592,Kepler-1464,cb,5.964639764992111,3,2,3.0,0.9882132549973702
9635,Kepler-1468,cb,2.32402396270841,2,1,2.0,0.16201198135420491
9650,Kepler-147,bc,2.6497173176775526,3,2,3.0,-0.11676089410748247
9742,Kepler-148,bc,2.4170904287464308,2,1,2.0,0.20854521437321538
9750,Kepler-148,cd,12.403414816740735,3,2,3.0,3.134471605580245
9842,Kepler-149,bc,1.8949014891856415,2,1,2.0,-0.05254925540717925
9851,Kepler-149,cd,2.8921352134460143,3,2,3.0,-0.03595492885132856
9955,Kepler-150,bc,2.1534128283994494,2,1,2.0,0.07670641419972468
9972,Kepler-150,cd,1.7015640566667716,5,2,1.6666666666666667,0.0209384340000629
9975,Kepler-150,de,2.454129230778598,2,1,2.0,0.227064615389299
10074,Kepler-151,bc,1.6202548354923363,5,2,1.6666666666666667,-0.02784709870459827
10172,Kepler-152,bc,4.847080457253647,3,2,3.0,0.6156934857512155
10269,Kepler-153,bc,2.4855444131054685,2,1,2.0,0.24277220655273424
10286,Kepler-1530,bc,2.055202679819309,2,1,2.0,0.02760133990965441
10388,Kepler-154,ef,2.522239118471691,3,2,3.0,-0.159253627176103
10398,Kepler-154,fd,2.0716833370702448,2,1,2.0,0.035841668535122384
10378,Kepler-154,db,1.607821968009735,5,2,1.6666666666666667,-0.03530681919415905
10360,Kepler-154,bc,1.885647752920552,2,1,2.0,-0.05717612353972401
10424,Kepler-1542,cb,1.3661389835245776,4,1,1.3333333333333333,0.02460423764343328
10419,Kepler-1542,be,1.2910432934549565,5,1,1.25,0.0328346347639652
10437,Kepler-1542,ed,1.1746719406668065,5,1,1.25,-0.060262447466554826
10494,Kepler-155,bc,8.878761117022488,3,2,3.0,1.959587039007496
10596,Kepler-156,bc,3.198357914207214,3,2,3.0,0.06611930473573802
10690,Kepler-157,bd,4.055621266047021,3,2,3.0,0.35187375534900706
10706,Kepler-157,dc,1.9272828563888544,2,1,2.0,-0.03635857180557278
10785,Kepler-158,bc,1.7087244344744628,5,2,1.6666666666666667,0.025234660684677612
10879,Kepler-159,bc,4.298245001828554,3,2,3.0,0.4327483339428513
10968,Kepler-160,bc,3.1789661300657936,3,2,3.0,0.05965537668859788
11055,Kepler-161,bc,1.435430998408981,7,2,1.4,0.025307856006415087
11144,Kepler-162,bc,2.810224434158011,3,2,3.0,-0.06325852194732962
11230,Kepler-163,bc,2.7329833250542497,3,2,3.0,-0.0890055583152501
11309,Kepler-164,bc,2.1739051641281253,2,1,2.0,0.08695258206406264
11315,Kepler-164,cd,2.648222253150905,3,2,3.0,-0.11725924894969826
11337,Kepler-1641,bc,1.6599650241227075,5,2,1.6666666666666667,-0.004020985526375531
11358,Kepler-1642,cb,1.8351980996350687,2,1,2.0,-0.08240095018246563
11396,Kepler-165,bc,1.8717941194458028,2,1,2.0,-0.06410294027709862
11484,Kepler-166,db,4.92292448508607,3,2,3.0,0.6409748283620234
11462,Kepler-166,bc,4.47822996961221,3,2,3.0,0.49274332320406994
11497,Kepler-167,bc,1.6858254255684568,5,2,1.6666666666666667,0.01149525534107405
11506,Kepler-167,cd,2.944073226151478,3,2,3.0,-0.018642257949507357
11517,Kepler-167,de,49.12985018918671,3,2,3.0,15.376616729728903
11533,Kepler-168,bc,2.981280917679885,3,2,3.0,-0.006239694106705033
11549,Kepler-169,bc,1.905955083600238,2,1,2.0,-0.047022458199881045
11554,Kepler-169,cd,1.3474692157219503,4,1,1.3333333333333333,0.010601911791462804
11573,Kepler-169,de,1.649104748050907,5,2,1.6666666666666667,-0.010537151169455904
11579,Kepler-169,ef,6.325999107249308,3,2,3.0,1.1086663690831025
11614,Kepler-170,bc,2.101477339936977,2,1,2.0,0.050738669968488415
11629,Kepler-171,bc,2.7510413634303563,3,2,3.0,-0.08298621218988123
11645,Kepler-171,cd,3.45417695763213,3,2,3.0,0.15139231921070997
11662,Kepler-172,bc,2.172907076441707,2,1,2.0,0.08645353822085355
11672,Kepler-172,cd,2.2893675753202927,2,1,2.0,0.14468378766014633
11680,Kepler-172,de,2.4009987935655164,2,1,2.0,0.2004993967827582
11703,Kepler-173,bc,1.8776391188010204,2,1,2.0,-0.061180440599489794
11716,Kepler-174,bc,3.146992684639623,3,2,3.0,0.048997561546540926
11730,Kepler-174,cd,5.621603090505965,3,2,3.0,0.8738676968353216
11750,Kepler-175,bc,2.8592640124279973,3,2,3.0,-0.04691199585733422
11774,Kepler-176,bc,2.3484349664951933,2,1,2.0,0.17421748324759667
11785,Kepler-176,cd,2.018346439421838,2,1,2.0,0.00917321971091889
11795,Kepler-176,de,1.9868004363196268,2,1,2.0,-0.006599781840186614
11807,Kepler-177,bc,1.340620330143522,4,1,1.3333333333333333,0.005465247607641555
11825,Kepler-178,bc,2.1461292456684737,2,1,2.0,0.07306462283423687
11835,Kepler-178,cd,4.703908507940499,3,2,3.0,0.5679695026468329
11859,Kepler-179,bc,2.3393209411721774,2,1,2.0,0.16966047058608869
11878,Kepler-18,bc,2.1803674187798774,2,1,2.0,0.0901837093899387
11884,Kepler-18,cd,1.9444870512792358,2,1,2.0,-0.02775647436038209
11906,Kepler-180,bc,3.0313362337897996,3,2,3.0,0.010445411263266516
11925,Kepler-181,bc,1.3710500494270605,7,2,1.4,-0.02067853612352812
11950,Kepler-182,bc,2.1051118271881237,2,1,2.0,0.052555913594061865
11965,Kepler-183,bc,2.045902505840095,2,1,2.0,0.022951252920047516
11990,Kepler-184,bc,1.8996871191987381,2,1,2.0,-0.05015644040063094
12002,Kepler-184,cd,1.4294545383213664,7,2,1.4,0.02103895594383319
12019,Kepler-185,bc,12.694530691289147,3,2,3.0,3.231510230429716
12039,Kepler-186,bc,1.869743967602131,2,1,2.0,-0.06512801619893449
12056,Kepler-186,cd,1.8360366240160138,2,1,2.0,-0.08198168799199312
12072,Kepler-186,de,1.679363086285882,5,2,1.6666666666666667,0.007617851771529116
12094,Kepler-186,ef,5.799470849223827,3,2,3.0,0.9331569497412756
12111,Kepler-187,bc,2.1544171213702206,2,1,2.0,0.07720856068511028
12125,Kepler-188,bc,2.908244431237264,3,2,3.0,-0.030585189587578682
12153,Kepler-189,bc,1.9360699971537028,2,1,2.0,-0.03196500142314862
12170,Kepler-19,bc,3.093688171057424,3,2,3.0,0.031229390352474667
12175,Kepler-19,cd,2.1910131913264417,2,1,2.0,0.09550659566322084
12180,Kepler-190,bc,1.8628886116349395,2,1,2.0,-0.06855569418253027
12217,Kepler-191,db,1.671931120056354,5,2,1.6666666666666667,0.003158672033812371
12204,Kepler-191,bc,1.784621220760732,5,2,1.6666666666666667,0.07077273245643911
12249,Kepler-192,db,1.5341969549738137,3,1,1.5,0.022797969982542465
12229,Kepler-192,bc,2.138025486905955,2,1,2.0,0.06901274345297748
12258,Kepler-193,bc,4.451731697443243,3,2,3.0,0.48391056581441444
12278,Kepler-194,bc,8.272357653069966,3,2,3.0,1.7574525510233219
12285,Kepler-194,cd,3.051464222593943,3,2,3.0,0.01715474086464767
12307,Kepler-195,bc,4.104143648073047,3,2,3.0,0.3680478826910158
12326,Kepler-196,bc,2.286786806089225,2,1,2.0,0.14339340304461246
12340,Kepler-197,bc,1.848387710993119,2,1,2.0,-0.07580614450344048
12353,Kepler-197,cd,1.5147886238582076,3,1,1.5,0.009859082572138375
12368,Kepler-197,de,1.6080704492261346,5,2,1.6666666666666667,-0.03515773046431927
12412,Kepler-198,db,13.561038772467585,3,2,3.0,3.520346257489195
12387,Kepler-198,bc,2.7862586396163427,3,2,3.0,-0.07124712012788577
12420,Kepler-199,bc,2.8378787304100546,3,2,3.0,-0.05404042319664848
12443,Kepler-20,be,1.649980741819314,5,2,1.6666666666666667,-0.010011554908411657
12473,Kepler-20,ec,1.7797916869642731,5,2,1.6666666666666667,0.06787501217856384
12454,Kepler-20,cf,1.803722824486179,5,2,1.6666666666666667,0.08223369469170731
12476,Kepler-20,fg,1.7846755475203635,5,2,1.6666666666666667,0.07080532851221806
12487,Kepler-20,gd,2.221280527189468,2,1,2.0,0.11064026359473389
12493,Kepler-200,bc,1.1893450601110103,5,1,1.25,-0.048523951911191784
12515,Kepler-201,bc,5.916368844367163,3,2,3.0,0.9721229481223878
12536,Kepler-202,bc,4.001177117047475,3,2,3.0,0.33372570568249166
12553,Kepler-203,bc,1.6981246087566984,5,2,1.6666666666666667,0.018874765254018964
12565,Kepler-203,cd,2.1095565844497983,2,1,2.0,0.05477829222489916
12581,Kepler-204,bc,1.781952566339361,5,2,1.6666666666666667,0.06917153980361652
12602,Kepler-205,bc,7.369084289017296,3,2,3.0,1.456361429672432
12631,Kepler-206,bc,1.6881840023431687,5,2,1.6666666666666667,0.012910401405901162
12641,Kepler-206,cd,1.7844291686881406,5,2,1.6666666666666667,0.07065750121288432
12660,Kepler-207,bc,1.905558551560662,2,1,2.0,-0.04722072421966905
12664,Kepler-207,cd,1.9104616946244712,2,1,2.0,-0.04476915268776438
12681,Kepler-208,bc,1.7657243020568212,5,2,1.6666666666666667,0.05943458123409266
12689,Kepler-208,cd,1.49087321238416,3,1,1.5,-0.006084525077226714
12701,Kepler-208,de,1.4606539515132384,3,1,1.5,-0.0262306989911744
12724,Kepler-209,bc,2.5950870236829875,3,2,3.0,-0.13497099210567085
12756,Kepler-210,bc,3.2497970557309985,3,2,3.0,0.08326568524366618
12774,Kepler-211,bc,1.4595634129884396,3,1,1.5,-0.02695772467437359
12799,Kepler-212,bc,1.9563968988741165,2,1,2.0,-0.02180155056294175
12819,Kepler-213,bc,1.9586950216589925,2,1,2.0,-0.020652489170503774
12836,Kepler-214,bc,1.8377538741583228,2,1,2.0,-0.0811230629208386
12850,Kepler-215,bc,1.5668969376569297,3,1,1.5,0.044597958437953146
12865,Kepler-215,cd,2.1043132752204303,2,1,2.0,0.05215663761021516
12873,Kepler-215,de,2.208433490003267,2,1,2.0,0.10421674500163358
12896,Kepler-216,bc,2.2624779988503407,2,1,2.0,0.13123899942517037
12934,Kepler-217,db,1.3828262210050555,7,2,1.4,-0.012266984996388881
12916,Kepler-217,bc,1.5973993041251868,5,2,1.6666666666666667,-0.04156041752488795
12948,Kepler-218,bc,12.350337232256244,3,2,3.0,3.116779077418748
12957,Kepler-218,cd,2.7858109282839885,3,2,3.0,-0.07139635723867051
12968,Kepler-219,bc,4.953597265463505,3,2,3.0,0.6511990884878349
12978,Kepler-219,cd,2.108947271319684,2,1,2.0,0.05447363565984209
13012,Kepler-220,bc,2.171775075200574,2,1,2.0,0.085887537600287
13024,Kepler-220,cd,3.1128787347263764,3,2,3.0,0.03762624490879215
13039,Kepler-220,de,1.6322500115055236,5,2,1.6666666666666667,-0.02064999309668587
13055,Kepler-221,bc,2.0353394736261743,2,1,2.0,0.017669736813087145
13070,Kepler-221,cd,1.7645940786158492,5,2,1.6666666666666667,0.05875644716950945
13078,Kepler-221,de,1.8293662284172565,5,2,1.6666666666666667,0.09761973705035384
13103,Kepler-222,bc,2.5625645762222726,3,2,3.0,-0.14581180792590911
13106,Kepler-222,cd,2.783478030837544,3,2,3.0,-0.07217398972081861
13130,Kepler-223,bc,1.3336066470395305,4,1,1.3333333333333333,0.0002049852796479068
13147,Kepler-223,cd,1.5015827866711609,3,1,1.5,0.0010551911141072345
13157,Kepler-223,de,1.3338595579972368,4,1,1.3333333333333333,0.0003946684979276305
13172,Kepler-224,bc,1.8911849302952692,2,1,2.0,-0.05440753485236538
13186,Kepler-224,cd,1.9155051395682225,2,1,2.0,-0.042247430215888726
13193,Kepler-224,de,1.6427072856981295,5,2,1.6666666666666667,-0.014375628581122334
13214,Kepler-225,bc,2.788893773702631,3,2,3.0,-0.07036874209912296
13237,Kepler-226,bc,1.357395841249208,4,1,1.3333333333333333,0.01804688093690604
13246,Kepler-226,cd,1.5158323535470306,3,1,1.5,0.010554902364687072
13270,Kepler-227,bc,5.735462184256455,3,2,3.0,0.9118207280854849
13291,Kepler-228,bc,1.6108640289275238,5,2,1.6666666666666667,-0.033481582643485774
13297,Kepler-228,cd,2.6834023844245536,3,2,3.0,-0.10553253852514881
13320,Kepler-229,bc,2.569755386511977,3,2,3.0,-0.14341487116267437
13331,Kepler-229,cd,2.563832631331074,3,2,3.0,-0.14538912288964193
13343,Kepler-23,bc,1.5115346086888934,3,1,1.5,0.007689739125928963
13357,Kepler-23,cd,1.4218913517427028,7,2,1.4,0.01563667981621632
13380,Kepler-230,bc,2.8127609941850866,3,2,3.0,-0.06241300193830446
13397,Kepler-231,bc,1.9146636669915171,2,1,2.0,-0.042668166504241434
13422,Kepler-232,bc,2.567992109036027,3,2,3.0,-0.1440026303213243
13448,Kepler-233,bc,7.131280542805006,3,2,3.0,1.3770935142683352
13466,Kepler-234,bc,2.65980036119566,3,2,3.0,-0.1133998796014466
13493,Kepler-235,bc,2.3426743899242473,2,1,2.0,0.17133719496212363
13505,Kepler-235,cd,2.5636346227229843,3,2,3.0,-0.14545512575900524
13519,Kepler-235,de,2.3022383307133043,2,1,2.0,0.15111916535665215
13543,Kepler-236,bc,2.8892502868790846,3,2,3.0,-0.036916571040305136
13563,Kepler-237,bc,1.7186521339780092,5,2,1.6666666666666667,0.031191280386805475
13585,Kepler-238,bc,2.9440483795103116,3,2,3.0,-0.01865054016322946
13597,Kepler-238,cd,2.149803339275036,2,1,2.0,0.07490166963751799
13602,Kepler-238,de,1.787430842635334,5,2,1.6666666666666667,0.07245850558120037
13614,Kepler-238,ef,2.1327455679111376,2,1,2.0,0.06637278395556878
13630,Kepler-239,bc,4.780057550628307,3,2,3.0,0.5933525168761022
13670,Kepler-24,db,1.9190528282600092,2,1,2.0,-0.04047358586999539
13657,Kepler-24,bc,1.5142034017883728,3,1,1.5,0.00946893452558184
13660,Kepler-24,ce,1.5403751795557201,3,1,1.5,0.02691678637048008
13694,Kepler-240,bc,1.9190502081477387,2,1,2.0,-0.04047489592613063
13707,Kepler-241,bc,2.8357872548875442,3,2,3.0,-0.05473758170415192
13731,Kepler-242,bc,1.7670105968279117,5,2,1.6666666666666667,0.06020635809674699
13747,Kepler-243,bc,3.5038807542295562,3,2,3.0,0.16796025140985207
13765,Kepler-244,bc,2.265264795044783,2,1,2.0,0.13263239752239153
13782,Kepler-244,cd,2.0527815258984825,2,1,2.0,0.026390762949241253
13833,Kepler-245,eb,2.3262718146206547,2,1,2.0,0.16313590731032734
13803,Kepler-245,bc,2.3311685750932485,2,1,2.0,0.16558428754662424
13806,Kepler-245,cd,2.077523973940208,2,1,2.0,0.03876198697010391
13835,Kepler-246,bc,2.431000017551761,2,1,2.0,0.2155000087758805
13855,Kepler-247,bc,2.8294741813593425,3,2,3.0,-0.05684193954688584
13874,Kepler-247,cd,2.1693354183916087,2,1,2.0,0.08466770919580435
13892,Kepler-248,bc,2.57433934357523,3,2,3.0,-0.14188688547492326
13905,Kepler-249,bc,2.1514145452690405,2,1,2.0,0.07570727263452026
13929,Kepler-249,cd,2.1603834422922805,2,1,2.0,0.08019172114614026
13959,Kepler-25,bc,2.038999957289656,2,1,2.0,0.019499978644827998
13967,Kepler-25,cd,9.62235879969099,3,2,3.0,2.20745293323033
13983,Kepler-250,bc,1.7253321990143355,5,2,1.6666666666666667,0.03519931940860128
13989,Kepler-250,cd,2.4659196620929458,2,1,2.0,0.2329598310464729
14011,Kepler-251,bc,3.446973279339199,3,2,3.0,0.14899109311306638
14016,Kepler-251,cd,1.824664885190876,5,2,1.6666666666666667,0.09479893111452554
14033,Kepler-251,de,3.3067427681927866,3,2,3.0,0.10224758939759553
14053,Kepler-252,bc,1.6268526580843936,5,2,1.6666666666666667,-0.023888405149363877
14071,Kepler-253,bc,2.7171924070015043,3,2,3.0,-0.09426919766616522
14078,Kepler-253,cd,1.7623045881124246,5,2,1.6666666666666667,0.05738275286745473
14099,Kepler-254,bc,2.130209613101877,2,1,2.0,0.06510480655093853
14112,Kepler-254,cd,1.5103322718485979,3,1,1.5,0.006888181232398575
14147,Kepler-255,db,5.465283202642146,3,2,3.0,0.821761067547382
14131,Kepler-255,bc,1.740453256350397,5,2,1.6666666666666667,0.044271953810238115
14161,Kepler-256,bc,2.0907459107611785,2,1,2.0,0.045372955380589275
14165,Kepler-256,cd,1.7234690553711798,5,2,1.6666666666666667,0.034081433222707826
14175,Kepler-256,de,1.829334412492374,5,2,1.6666666666666667,0.09760064749542438
14198,Kepler-257,bc,2.762250896127268,3,2,3.0,-0.07924970129091073
14207,Kepler-257,cd,3.747565684038643,3,2,3.0,0.24918856134621428
14225,Kepler-258,bc,2.55000249734519,3,2,3.0,-0.14999916755160334
14241,Kepler-259,bc,4.550085885536286,3,2,3.0,0.5166952951787621
14298,Kepler-26,db,3.46594063629602,3,2,3.0,0.1553135454320067
14271,Kepler-26,bc,1.4044748450325548,7,2,1.4,0.003196317880396363
14282,Kepler-26,ce,2.7144608853475574,3,2,3.0,-0.09517970488414755
14322,Kepler-260,bc,9.288834444805524,3,2,3.0,2.096278148268508
14338,Kepler-261,bc,2.3668507323514616,2,1,2.0,0.1834253661757308
14357,Kepler-262,bc,1.673236990315985,5,2,1.6666666666666667,0.00394219418959092
14381,Kepler-263,bc,2.8568814176370805,3,2,3.0,-0.047706194120973176
14400,Kepler-264,bc,3.4333299997613254,3,2,3.0,0.14444333325377512
14416,Kepler-265,bc,2.4873589825576916,2,1,2.0,0.2436794912788458
14429,Kepler-265,cd,2.532738066321984,3,2,3.0,-0.15575397789267198
14439,Kepler-265,de,1.5727546599036901,3,1,1.5,0.04850310660246008
14450,Kepler-266,bc,16.27622994026015,3,2,3.0,4.425409980086717
14477,Kepler-267,bc,2.050684388089526,2,1,2.0,0.0253421940447629
14492,Kepler-267,cd,4.1388241589466315,3,2,3.0,0.3796080529822105
14512,Kepler-268,bc,3.217640748472354,3,2,3.0,0.07254691615745139
14541,Kepler-269,bc,1.525905075472605,3,1,1.5,0.017270050315069934
14552,Kepler-27,bc,2.0430325536516785,2,1,2.0,0.02151627682583923
14571,Kepler-270,bc,2.2013581312121744,2,1,2.0,0.10067906560608719
14611,Kepler-271,dc,1.411668808044412,7,2,1.4,0.008334862888865757
14605,Kepler-271,cb,1.408127840135409,7,2,1.4,0.005805600096720725
14628,Kepler-272,bc,2.0385703604433756,2,1,2.0,0.019285180221687792
14634,Kepler-272,cd,1.8056362774587202,5,2,1.6666666666666667,0.0833817664752321
14650,Kepler-273,bc,2.7294064832374416,3,2,3.0,-0.0901978389208528
14673,Kepler-274,bc,2.853252517605706,3,2,3.0,-0.048915827464764604
14693,Kepler-275,bc,1.5618575733850995,3,1,1.5,0.041238382256732965
14700,Kepler-275,cd,2.217438226875595,2,1,2.0,0.10871911343779761
14724,Kepler-276,bc,2.2567121127668877,2,1,2.0,0.12835605638344383
14729,Kepler-276,cd,1.525772496061619,3,1,1.5,0.017181664041079348
14749,Kepler-277,bc,1.9052520695341064,2,1,2.0,-0.04737396523294679
14768,Kepler-278,bc,1.6934444201802465,5,2,1.6666666666666667,0.016066652108147884
14797,Kepler-279,bc,2.902949989919421,3,2,3.0,-0.03235000336019297
14808,Kepler-279,cd,1.5227949959576488,3,1,1.5,0.015196663971765853
14819,Kepler-28,bc,1.5198635501252182,3,1,1.5,0.013242366750145488
14842,Kepler-280,bc,2.2467812139610457,2,1,2.0,0.12339060698052284
14863,Kepler-281,bc,2.4809792009399123,2,1,2.0,0.24048960046995616
14885,Kepler-282,bc,1.4791258128943492,3,1,1.5,-0.01391612473710054
14890,Kepler-282,cd,1.8188325679920718,5,2,1.6666666666666667,0.09129954079524305
14906,Kepler-282,de,1.7877930385098337,5,2,1.6666666666666667,0.07267582310590019
14928,Kepler-283,bc,8.425392491823255,3,2,3.0,1.8084641639410848
14951,Kepler-284,bc,2.9541022604961307,3,2,3.0,-0.015299246501289776
14966,Kepler-285,bc,2.34889807599784,2,1,2.0,0.1744490379989201
14988,Kepler-286,bc,1.9306281589819085,2,1,2.0,-0.03468592050904573
14992,Kepler-286,cd,1.7053754872590727,5,2,1.6666666666666667,0.023225292355443593
15004,Kepler-286,de,4.9407802522135436,3,2,3.0,0.6469267507378479
15021,Kepler-287,bc,2.2048623653221924,2,1,2.0,0.10243118266109619
15043,Kepler-288,bc,3.1661677985012653,3,2,3.0,0.055389266167088426
15050,Kepler-288,cd,2.933766652999203,3,2,3.0,-0.02207778233359899
15065,Kepler-289,bd,1.9124429653734774,2,1,2.0,-0.04377851731326132
15086,Kepler-289,dc,1.9052193103897166,2,1,2.0,-0.047390344805141704
15088,Kepler-29,bc,1.2851103241307373,5,1,1.25,0.028088259304589868
15112,Kepler-290,bc,2.520359775855488,3,2,3.0,-0.15988007471483737
15132,Kepler-291,bc,1.607403109687602,5,2,1.6666666666666667,-0.03555813418743883
15147,Kepler-292,bc,1.4396345863015743,7,2,1.4,0.028310418786838824
15156,Kepler-292,cd,1.8989985490152215,2,1,2.0,-0.050500725492389265
15164,Kepler-292,de,1.6977579040529505,5,2,1.6666666666666667,0.018654742431770233
15176,Kepler-292,ef,1.7392587301172893,5,2,1.6666666666666667,0.043555238070373516
15201,Kepler-293,bc,2.8127248035821704,3,2,3.0,-0.06242506547260988
15215,Kepler-294,bc,1.7903432104576154,5,2,1.6666666666666667,0.07420592627456916
15237,Kepler-295,bc,1.7023759496859792,5,2,1.6666666666666667,0.021425569811587452
15243,Kepler-295,cd,1.5740726444769395,3,1,1.5,0.04938176298462634
15270,Kepler-296,bc,1.6130631345339737,5,2,1.6666666666666667,-0.032162119279615854
15280,Kepler-296,cd,3.3980674443550583,3,2,3.0,0.13268914811835275
15290,Kepler-296,de,1.7199638839800977,5,2,1.6666666666666667,0.03197833038805857
15302,Kepler-296,ef,1.8551386116822925,2,1,2.0,-0.07243069415885373
15334,Kepler-297,bc,1.9277318320452572,2,1,2.0,-0.03613408397737139
15346,Kepler-298,bc,2.188805523309667,2,1,2.0,0.09440276165483352
15355,Kepler-298,cd,3.378879353508719,3,2,3.0,0.12629311783623973
15378,Kepler-299,bc,2.35239410245627,2,1,2.0,0.176197051228135
15389,Kepler-299,cd,2.1863155281973596,2,1,2.0,0.09315776409867982
15397,Kepler-299,de,2.5430988887588386,3,2,3.0,-0.15230037041372047
15412,Kepler-30,bc,2.0687689473422224,2,1,2.0,0.03438447367111119
15425,Kepler-30,cd,2.3739366444176113,2,1,2.0,0.18696832220880566
15446,Kepler-300,bc,3.897540407498649,3,2,3.0,0.29918013583288294
15469,Kepler-301,bc,2.1602317705411256,2,1,2.0,0.08011588527056279
15478,Kepler-301,cd,2.537564335765244,3,2,3.0,-0.15414522141158526
15498,Kepler-302,bc,4.216941362200244,3,2,3.0,0.40564712073341475
15520,Kepler-303,bc,3.6453607671667005,3,2,3.0,0.2151202557222335
15568,Kepler-304,eb,2.1983857152896182,2,1,2.0,0.09919285764480912
15543,Kepler-304,bc,1.6129951251314727,5,2,1.6666666666666667,-0.03220292492111643
15547,Kepler-304,cd,1.8159445197981292,5,2,1.6666666666666667,0.08956671187887748
15573,Kepler-305,bc,1.5109684399770926,3,1,1.5,0.007312293318061751
15594,Kepler-305,cd,2.018961041565067,2,1,2.0,0.009480520782533475
15606,Kepler-306,bc,1.5583041680538234,3,1,1.5,0.038869445369215626
15622,Kepler-306,cd,2.393119463846422,2,1,2.0,0.19655973192321108
15625,Kepler-306,de,2.587980108132592,3,2,3.0,-0.1373399639558026
15647,Kepler-307,bc,1.256202656573829,5,1,1.25,0.004962125259063121
15676,Kepler-308,bc,1.586622907406032,5,2,1.6666666666666667,-0.0480262555563808
15700,Kepler-309,bc,17.785994319148234,3,2,3.0,4.9286647730494115
15719,Kepler-31,bc,2.043804540991512,2,1,2.0,0.021902270495756104
15730,Kepler-31,cd,2.0558031565819976,2,1,2.0,0.02790157829099882
15748,Kepler-310,bc,4.054072921651958,3,2,3.0,0.35135764055065266
15760,Kepler-310,cd,1.6445137211463652,5,2,1.6666666666666667,-0.013291767312180935
15782,Kepler-311,bc,2.1510645957452232,2,1,2.0,0.07553229787261162
15798,Kepler-312,bc,11.141525791819014,3,2,3.0,2.7138419306063377
15820,Kepler-313,bc,2.15597340496506,2,1,2.0,0.07798670248253003
15831,Kepler-314,bc,2.4219037302892366,2,1,2.0,0.21095186514461828
15854,Kepler-315,bc,2.7621687571698277,3,2,3.0,-0.07927708094339077
15867,Kepler-316,bc,3.0474489538366822,3,2,3.0,0.015816317945560748
15896,Kepler-317,bc,1.5884878592653318,5,2,1.6666666666666667,-0.046907284440800986
15913,Kepler-318,bc,2.533930023965101,3,2,3.0,-0.15535665867829973
15934,Kepler-319,bc,1.591053550140159,5,2,1.6666666666666667,-0.04536786991590462
15945,Kepler-319,cd,4.578648442666327,3,2,3.0,0.5262161475554423
16027,Kepler-32,fe,3.8979513523181955,3,2,3.0,0.2993171174393985
16015,Kepler-32,eb,2.037729074487591,2,1,2.0,0.018864537243795443
15958,Kepler-32,bc,1.483079205628124,3,1,1.5,-0.011280529581250734
15979,Kepler-32,cd,2.6028929198727835,3,2,3.0,-0.13236902670907216
16029,Kepler-320,bc,2.142310741745912,2,1,2.0,0.07115537087295598
16048,Kepler-321,bc,2.6638561361188966,3,2,3.0,-0.11204795462703447
16069,Kepler-322,bc,2.622438297809098,3,2,3.0,-0.12585390073030064
16084,Kepler-323,bc,2.117478249006827,2,1,2.0,0.058739124503413453
16108,Kepler-324,bc,11.814353513637869,3,2,3.0,2.9381178378792896
16130,Kepler-325,bc,2.808321325906751,3,2,3.0,-0.06389289136441627
16135,Kepler-325,cd,3.0335609889994277,3,2,3.0,0.011186996333142574
16154,Kepler-326,bc,2.037251608783393,2,1,2.0,0.018625804391696477
16168,Kepler-326,cd,1.4773833370222205,3,1,1.5,-0.01507777531851969
16186,Kepler-327,bc,2.0443973701370335,2,1,2.0,0.022198685068516744
16198,Kepler-327,cd,2.6800934360333946,3,2,3.0,-0.10663552132220182
16231,Kepler-328,bc,2.0422085150677147,2,1,2.0,0.021104257533857362
16247,Kepler-329,bc,2.519416637399884,3,2,3.0,-0.16019445420003864
16266,Kepler-33,bc,2.324481170401205,2,1,2.0,0.16224058520060258
16279,Kepler-33,cd,1.6527354473500708,5,2,1.6666666666666667,-0.008358731589957546
16293,Kepler-33,de,1.4596552748616138,3,1,1.5,-0.026896483425590773
16307,Kepler-33,ef,1.2908036470635174,5,1,1.25,0.03264291765081388
16325,Kepler-330,bc,1.9317061309468047,2,1,2.0,-0.03414693452659767
16344,Kepler-331,bc,2.0433081338698833,2,1,2.0,0.02165406693494165
16349,Kepler-331,cd,1.8594761832936586,2,1,2.0,-0.0702619083531707
16372,Kepler-332,bc,2.09738609284623,2,1,2.0,0.048693046423115005
16385,Kepler-332,cd,2.1387763891624467,2,1,2.0,0.06938819458122336
16398,Kepler-333,bc,1.9191946058453806,2,1,2.0,-0.0404026970773097
16421,Kepler-334,bc,2.332218768169682,2,1,2.0,0.1661093840848411
16435,Kepler-334,cd,1.9672716319708607,2,1,2.0,-0.016364184014569627
16456,Kepler-335,bc,10.340717848482138,3,2,3.0,2.4469059494940457
16476,Kepler-336,bc,4.741116236515087,3,2,3.0,0.5803720788383625
16482,Kepler-336,cd,2.1540440407464336,2,1,2.0,0.07702202037321682
16498,Kepler-337,bc,2.943736713486926,3,2,3.0,-0.018754428837691368
16557,Kepler-338,eb,1.4694695163996185,3,1,1.5,-0.020353655733587644
16517,Kepler-338,bc,1.7710346192380815,5,2,1.6666666666666667,0.06262077154284884
16534,Kepler-338,cd,1.8275778619084653,5,2,1.6666666666666667,0.09654671714507912
16565,Kepler-339,bc,1.4038955675944613,7,2,1.4,0.0027825482817581525
16574,Kepler-339,cd,1.510939831121305,3,1,1.5,0.007293220747536615
16596,Kepler-340,bc,1.5375787952637168,3,1,1.5,0.025052530175811178
16610,Kepler-341,bc,1.5417757437773525,3,1,1.5,0.02785049585156833
16626,Kepler-341,cd,3.453875269428335,3,2,3.0,0.1512917564761116
16634,Kepler-341,de,1.5351126021687984,3,1,1.5,0.023408401445865607
16679,Kepler-342,eb,9.22635883084405,3,2,3.0,2.0754529436146836
16656,Kepler-342,bc,1.7293735133764017,5,2,1.6666666666666667,0.03762410802584095
16661,Kepler-342,cd,1.5039963330123023,3,1,1.5,0.0026642220082015258
16680,Kepler-343,bc,2.589253582237766,3,2,3.0,-0.1369154725874114
16700,Kepler-344,bc,5.7186545783305265,3,2,3.0,0.9062181927768421
16719,Kepler-345,bc,1.265906097018385,5,1,1.25,0.012724877614708063
16739,Kepler-346,bc,3.66322149669242,3,2,3.0,0.2210738322308067
16760,Kepler-347,bc,2.1348191840512105,2,1,2.0,0.06740959202560526
16777,Kepler-348,bc,2.4466598610210353,2,1,2.0,0.22332993051051764
16799,Kepler-349,bc,2.0654608790733437,2,1,2.0,0.032730439536671874
16823,Kepler-350,bc,1.5950312603326546,5,2,1.6666666666666667,-0.042981243800407264
16830,Kepler-350,cd,1.464336944869073,3,1,1.5,-0.023775370087284625
16851,Kepler-351,bc,1.5449744658908737,3,1,1.5,0.029982977260582484
16869,Kepler-351,cd,2.4898358664898232,2,1,2.0,0.24491793324491162
16885,Kepler-352,bc,1.6242671404327802,5,2,1.6666666666666667,-0.025439715740331922
16907,Kepler-353,bc,1.4513528529883308,3,1,1.5,-0.03243143134111278
16931,Kepler-354,bc,3.0922135668403765,3,2,3.0,0.030737855613458837
16939,Kepler-354,cd,1.4295923598562998,7,2,1.4,0.021137399897357096
16954,Kepler-355,bc,2.335321257434248,2,1,2.0,0.16766062871712406
16972,Kepler-356,bc,2.844673311696505,3,2,3.0,-0.05177556276783172
16995,Kepler-357,bc,2.6034135161454994,3,2,3.0,-0.13219549461816685
17003,Kepler-357,cd,2.936297684560528,3,2,3.0,-0.021234105146490673
17021,Kepler-358,bc,2.4512007661148165,2,1,2.0,0.22560038305740826
17044,Kepler-359,bc,2.25670224908021,2,1,2.0,0.128351124540105
17049,Kepler-359,cd,1.336240140631552,4,1,1.3333333333333333,0.0021801054736640957
17067,Kepler-36,bc,1.1720543949485025,5,1,1.25,-0.062356484041198
17092,Kepler-360,bc,2.1845258044997764,2,1,2.0,0.0922629022498882
17106,Kepler-361,bc,6.502932722206759,3,2,3.0,1.1676442407355863
17130,Kepler-362,bc,3.6665623066379847,3,2,3.0,0.22218743554599488
17147,Kepler-363,bc,2.086629250236885,2,1,2.0,0.04331462511844242
17158,Kepler-363,cd,1.5819872729143953,3,1,1.5,0.05465818194293023
17178,Kepler-364,bc,2.329724906315081,2,1,2.0,0.16486245315754045
17199,Kepler-365,bc,1.6674633462684885,5,2,1.6666666666666667,0.0004780077610930355
17209,Kepler-366,bc,3.813663021752117,3,2,3.0,0.2712210072507057
17236,Kepler-367,bc,1.4167947994393535,7,2,1.4,0.011996285313823987
17256,Kepler-368,bc,2.6960029920110067,3,2,3.0,-0.10133233599633111
17273,Kepler-369,bc,5.441919954289897,3,2,3.0,0.8139733180966324
17290,Kepler-37,bc,1.593582645062117,5,2,1.6666666666666667,-0.043850412962729776
17308,Kepler-37,cd,1.8680119559832673,2,1,2.0,-0.06599402200836635
17316,Kepler-37,de,1.286856993721324,5,1,1.25,0.029485594977059115
17333,Kepler-370,bc,4.15397054557018,3,2,3.0,0.38465684852339344
17355,Kepler-371,bc,1.9552038243790424,2,1,2.0,-0.022398087810478806
17368,Kepler-372,bc,2.927765858774954,3,2,3.0,-0.024078047075015263
17373,Kepler-372,cd,1.5004892662616687,3,1,1.5,0.00032617750777911664
17395,Kepler-373,bc,3.0217154726082245,3,2,3.0,0.007238490869408161
17409,Kepler-374,bc,1.72976738755606,5,2,1.6666666666666667,0.037860432533635933
17420,Kepler-374,cd,1.531674931150288,3,1,1.5,0.021116620766858645
17436,Kepler-375,bc,1.6482661202032316,5,2,1.6666666666666667,-0.011040327878061085
17458,Kepler-376,bc,2.8803658357643163,3,2,3.0,-0.03987805474522791
17478,Kepler-377,bc,2.159524745451841,2,1,2.0,0.07976237272592046
17497,Kepler-378,bc,1.796281502322132,5,2,1.6666666666666667,0.07776890139327909
17510,Kepler-379,bc,3.1238027485516584,3,2,3.0,0.0412675828505528
17530,Kepler-380,bc,1.941078379743859,2,1,2.0,-0.029460810128070447
17545,Kepler-381,bc,2.3789605953305695,2,1,2.0,0.18948029766528474
17573,Kepler-382,bc,2.3113914886060725,2,1,2.0,0.15569574430303623
17589,Kepler-383,bc,2.417809243717746,2,1,2.0,0.20890462185887304
17600,Kepler-384,bc,2.0068526348638405,2,1,2.0,0.003426317431920234
17622,Kepler-385,bc,1.509620731620924,3,1,1.5,0.006413821080616018
17647,Kepler-386,bc,2.0465727346052622,2,1,2.0,0.023286367302631117
17663,Kepler-387,bc,1.7429803060894262,5,2,1.6666666666666667,0.04578818365365569
17679,Kepler-388,bc,4.1903893468652695,3,2,3.0,0.39679644895508986
17693,Kepler-389,bc,4.473094335549507,3,2,3.0,0.491031445183169
17724,Kepler-390,bc,1.9382342608338197,2,1,2.0,-0.030882869583090167
17747,Kepler-391,bc,2.7621105657042833,3,2,3.0,-0.07929647809857225
17761,Kepler-392,bc,1.9512284796708395,2,1,2.0,-0.024385760164580272
17779,Kepler-393,bc,1.591448145497954,5,2,1.6666666666666667,-0.045131112701227584
17794,Kepler-394,bc,1.5153743883448065,3,1,1.5,0.010249592229871022
17812,Kepler-395,bc,4.96005831229049,3,2,3.0,0.6533527707634968
17838,Kepler-396,bc,2.0587267454776503,2,1,2.0,0.029363372738825166
17857,Kepler-397,bc,6.089541835454033,3,2,3.0,1.0298472784846775
17874,Kepler-398,bd,1.6745133015622018,5,2,1.6666666666666667,0.004707980937321032
17891,Kepler-398,dc,1.6708875972210582,5,2,1.6666666666666667,0.00253255833263486
17902,Kepler-399,bc,1.849232635263556,2,1,2.0,-0.07538368236822202
17909,Kepler-399,cd,2.175538631377455,2,1,2.0,0.08776931568872759
17949,Kepler-400,bc,1.9215655463355172,2,1,2.0,-0.03921722683224138
17975,Kepler-401,bc,3.289785835426255,3,2,3.0,0.09659527847541834
17985,Kepler-401,cd,3.8940276852813818,3,2,3.0,0.29800922842712724
17998,Kepler-402,bc,1.5202735879575657,3,1,1.5,0.013515725305043821
18005,Kepler-402,cd,1.4565504651701389,3,1,1.5,-0.028966356553240757
18012,Kepler-402,de,1.2602410742179175,5,1,1.25,0.008192859374334028
18032,Kepler-403,bd,1.9358470440509579,2,1,2.0,-0.03207647797452107
18055,Kepler-403,dc,3.9878573936681554,3,2,3.0,0.3292857978893851
18060,Kepler-404,bc,1.2470249291368005,5,1,1.25,-0.0023800566905595845
18071,Kepler-405,bc,2.80084383625584,3,2,3.0,-0.06638538791471997
18097,Kepler-406,bc,1.9055032974849124,2,1,2.0,-0.047248351257543786
18109,Kepler-407,bc,4482.230042119964,3,2,3.0,1493.0766807066548
18163,Kepler-411,bc,2.6069993571773895,3,2,3.0,-0.1310002142742035
18172,Kepler-411,ce,4.0219550144366965,3,2,3.0,0.3406516714788988
18186,Kepler-411,ed,1.8413568971461767,2,1,2.0,-0.07932155142691166
18200,Kepler-414,bc,1.525792909561407,3,1,1.5,0.01719527304093793
18220,Kepler-415,bc,2.0850582503924935,2,1,2.0,0.04252912519624674
18236,Kepler-416,bc,1.9320535794539864,2,1,2.0,-0.033973210273006815
18257,Kepler-417,bc,1.2928911463970398,4,1,1.3333333333333333,-0.030331640202220067
18285,Kepler-419,bc,9.687230102437079,3,2,3.0,2.2290767008123598
18308,Kepler-42,cb,2.677706993385718,3,2,3.0,-0.10743100220476072
18302,Kepler-42,bd,1.5366267398468871,3,1,1.5,0.024417826564591422
18362,Kepler-424,bc,67.42426092064534,3,2,3.0,21.474753640215113
18422,Kepler-430,bc,3.085535905654766,3,2,3.0,0.028511968551588662
18438,Kepler-431,bc,1.2793855005122048,5,1,1.25,0.02350840040976383
18451,Kepler-431,cd,1.3698077689950312,7,2,1.4,-0.021565879289263363
18464,Kepler-432,bc,7.736993343062356,3,2,3.0,1.5789977810207854
18519,Kepler-436,cb,3.8102835397644497,3,2,3.0,0.27009451325481654
18602,Kepler-444,bc,1.2626999078099879,5,1,1.25,0.010159926247990291
18605,Kepler-444,cd,1.3615375129512621,4,1,1.3333333333333333,0.021153134713446653
18611,Kepler-444,de,1.2510967437088263,5,1,1.25,0.0008773949670610292
18627,Kepler-444,ef,1.2578906215961385,5,1,1.25,0.006312497276910811
18641,Kepler-445,bc,1.6323632339123257,5,2,1.6666666666666667,-0.0205820596526046
18653,Kepler-445,cd,1.6736490950632372,5,2,1.6666666666666667,0.00418945703794229
18671,Kepler-446,bc,1.9395577804006228,2,1,2.0,-0.030221109799688617
18677,Kepler-446,cd,1.695837551715285,5,2,1.6666666666666667,0.017502531029170987
18706,Kepler-449,bc,2.676195288155456,3,2,3.0,-0.1079349039481814
18759,Kepler-450,dc,2.051116397258249,2,1,2.0,0.02555819862912445
18757,Kepler-450,cb,1.8461479656008293,2,1,2.0,-0.07692601719958536
18771,Kepler-454,bc,49.56480605487228,3,2,3.0,15.521602018290759
18808,Kepler-46,db,4.965798593173019,3,2,3.0,0.6552661977243396
18797,Kepler-46,bc,1.6966963978324194,5,2,1.6666666666666667,0.018017838699451616
18877,Kepler-466,cb,13.77095056261956,3,2,3.0,3.5903168542065202
18897,Kepler-47,bd,3.7879035991614156,3,2,3.0,0.2626345330538052
18901,Kepler-47,dc,1.6183672598016714,5,2,1.6666666666666667,-0.028979644118997203
18987,Kepler-48,bc,2.0246844135938638,2,1,2.0,0.012342206796931876
19006,Kepler-48,cd,4.434194802117453,3,2,3.0,0.478064934039151
19015,Kepler-48,de,22.892498300606743,3,2,3.0,6.630832766868914
19085,Kepler-487,bc,2.5166389195837344,3,2,3.0,-0.1611203601387552
19145,Kepler-49,db,2.7959065196925867,3,2,3.0,-0.06803116010247108
19117,Kepler-49,bc,1.514844647195709,3,1,1.5,0.009896431463806069
19133,Kepler-49,ce,1.7040913719170476,5,2,1.6666666666666667,0.02245482315022853
19268,Kepler-50,bc,1.2001588297405366,5,1,1.25,-0.03987293620757075
19367,Kepler-51,bc,1.8894051819512858,2,1,2.0,-0.05529740902435709
19386,Kepler-51,cd,1.5258235346282905,3,1,1.5,0.017215689752193637
19493,Kepler-52,bc,2.079971211917821,2,1,2.0,0.03998560595891054
19505,Kepler-52,cd,2.2243338063011913,2,1,2.0,0.11216690315059563
19536,Kepler-520,cb,3.775478713177709,3,2,3.0,0.25849290439256967
19586,Kepler-524,cb,4.2214407024713125,3,2,3.0,0.40714690082377086
19631,Kepler-529,bc,6.480879704655734,3,2,3.0,1.1602932348852446
19664,Kepler-53,db,1.9123740958069144,2,1,2.0,-0.04381295209654279
19646,Kepler-53,bc,2.067526481560181,2,1,2.0,0.03376324078009052
19765,Kepler-54,bc,1.5068772560030197,3,1,1.5,0.004584837335346463
19781,Kepler-54,cd,1.7393293194255897,5,2,1.6666666666666667,0.04359759165535375
19886,Kepler-549,bc,2.725115646503676,3,2,3.0,-0.09162811783210796
19917,Kepler-55,de,2.088306761190416,2,1,2.0,0.0441533805952079
19930,Kepler-55,ef,2.2086655982248504,2,1,2.0,0.10433279911242521
19936,Kepler-55,fb,2.7421029885441257,3,2,3.0,-0.08596567048529143
19897,Kepler-55,bc,1.5063114907880768,3,1,1.5,0.004207660525384534
19978,Kepler-553,bc,81.4396385243782,3,2,3.0,26.146546174792732
20043,Kepler-56,bc,2.0384305437727455,2,1,2.0,0.01921527188637273
20094,Kepler-561,cb,10.908452620816199,3,2,3.0,2.6361508736054
20174,Kepler-57,bc,2.02626860332469,2,1,2.0,0.013134301662345083
20278,Kepler-58,bc,1.5240336009444166,3,1,1.5,0.016022400629611095
20290,Kepler-58,cd,2.5749514349765614,3,2,3.0,-0.14168285500781286
20405,Kepler-59,bc,1.514627517997164,3,1,1.5,0.009751678664775998
20523,Kepler-60,bc,1.2503914300669434,5,1,1.25,0.00031314405355473693
20534,Kepler-60,cd,1.3340649345055704,4,1,1.3333333333333333,0.0005487008791778547
20601,Kepler-603,db,3.3867730698837577,3,2,3.0,0.12892435662791923
20584,Kepler-603,bc,6.074665466079045,3,2,3.0,1.024888488693015
20631,Kepler-605,cb,1.4343386548274633,7,2,1.4,0.024527610591045246
20689,Kepler-610,bc,21.704361653076337,3,2,3.0,6.234787217692112
20746,Kepler-616,bc,9.043444193250556,3,2,3.0,2.014481397750185
20792,Kepler-619,cb,4.472017274674469,3,2,3.0,0.4906724248914897
20797,Kepler-62,bc,2.177068242740164,2,1,2.0,0.0885341213700821
20806,Kepler-62,cd,1.4599326297853188,3,1,1.5,-0.026711580143120806
20819,Kepler-62,de,6.737882239636528,3,2,3.0,1.2459607465455094
20830,Kepler-62,ef,2.1839156949821423,2,1,2.0,0.09195784749107117
20902,Kepler-625,cb,1.8610471576669234,2,1,2.0,-0.0694764211665383
21133,Kepler-65,bc,2.719347801311343,3,2,3.0,-0.093550732896219
21144,Kepler-65,cd,1.387590781044615,7,2,1.4,-0.008863727825274876
21154,Kepler-65,de,31.82802394811852,3,2,3.0,9.609341316039506
21200,Kepler-653,cb,16.33487345112384,3,2,3.0,4.4449578170412805
21459,Kepler-68,bc,1.7791261223404835,5,2,1.6666666666666667,0.06747567340429006
21473,Kepler-68,cd,66.06932879135051,3,2,3.0,21.02310959711684
21581,Kepler-69,bc,17.66907555571462,3,2,3.0,4.889691851904874
21811,Kepler-712,bc,10.792767324447366,3,2,3.0,2.5975891081491223
21911,Kepler-722,bc,25.68555991303396,3,2,3.0,7.561853304344653
21991,Kepler-730,cb,2.2762790917488362,2,1,2.0,0.13813954587441812
22014,Kepler-732,cb,10.601777180795859,3,2,3.0,2.533925726931953
22202,Kepler-750,cb,2.3059169850496732,2,1,2.0,0.15295849252483662
22247,Kepler-755,bc,2.2481656369356897,2,1,2.0,0.12408281846784486
22288,Kepler-758,ce,1.7220508109121695,5,2,1.6666666666666667,0.03323048654730165
22301,Kepler-758,eb,1.477988122135086,3,1,1.5,-0.014674585243276065
22282,Kepler-758,bd,1.69260691424456,5,2,1.6666666666666667,0.015564148546735889
22340,Kepler-760,cb,3.5282942086710656,3,2,3.0,0.17609806955702187
22418,Kepler-769,bc,2.1527985087932247,2,1,2.0,0.07639925439661233
22452,Kepler-770,cd,2.814612882794405,3,2,3.0,-0.061795705735198325
22458,Kepler-770,db,4.557656950811037,3,2,3.0,0.5192189836036789
22642,Kepler-79,bc,2.0321333512997,2,1,2.0,0.016066675649849982
22650,Kepler-79,cd,1.9009603993296653,2,1,2.0,-0.04951980033516734
22661,Kepler-79,de,1.5561983611141295,3,1,1.5,0.037465574076086305
22826,Kepler-80,fd,3.1132876355421275,3,2,3.0,0.03776254518070917
22810,Kepler-80,de,1.512081853873995,3,1,1.5,0.008054569249330049
22818,Kepler-80,eb,1.5184038688525348,3,1,1.5,0.012269245901689837
22786,Kepler-80,bc,1.3499135006063299,4,1,1.3333333333333333,0.012435125454747453
22798,Kepler-80,cg,1.5381377574717794,3,1,1.5,0.025425171647852924
22882,Kepler-804,cb,1.4893048707572303,3,1,1.5,-0.007130086161846479
22942,Kepler-81,bc,2.0218513518108643,2,1,2.0,0.010925675905432142
22953,Kepler-81,cd,1.7307089155993747,5,2,1.6666666666666667,0.03842534935962476
23083,Kepler-82,de,2.476869293009851,2,1,2.0,0.2384346465049254
23089,Kepler-82,eb,4.480386767534296,3,2,3.0,0.4934622558447653
23060,Kepler-82,bc,1.9489446200793645,2,1,2.0,-0.025527689960317734
23069,Kepler-82,cf,1.469420562668899,3,1,1.5,-0.02038629155406735
23146,Kepler-825,bc,2.168169320261401,2,1,2.0,0.0840846601307006
23233,Kepler-83,db,1.8899094899422788,2,1,2.0,-0.055045255028860596
23196,Kepler-83,bc,2.0562155295942675,2,1,2.0,0.028107764797133727
23346,Kepler-84,db,2.065516340656094,2,1,2.0,0.032758170328047065
23325,Kepler-84,bc,1.4764114821160126,3,1,1.5,-0.015725678589324943
23332,Kepler-84,ce,2.1295344097426843,2,1,2.0,0.06476720487134213
23352,Kepler-84,ef,1.6239116370351445,5,2,1.6666666666666667,-0.025653017778913333
23449,Kepler-85,bc,1.5066997988978987,3,1,1.5,0.004466532598599156
23466,Kepler-85,cd,1.4315366669179477,7,2,1.4,0.022526190655676976
23472,Kepler-85,de,1.4075715418206567,7,2,1.4,0.0054082441576119855
23666,Kepler-87,bc,1.666703165928391,5,2,1.6666666666666667,2.1899557034599224e-05
23831,Kepler-887,cb,2.6735757004785765,3,2,3.0,-0.1088080998404745
23969,Kepler-9,db,12.097497027153386,3,2,3.0,3.032499009051129
23949,Kepler-9,bc,2.0190040371409426,2,1,2.0,0.009502018570471282
24005,Kepler-903,bc,6.079094185324977,3,2,3.0,1.026364728441659
24163,Kepler-92,bc,1.9436711620934617,2,1,2.0,-0.028164418953269155
24182,Kepler-92,cd,1.84697379396932,2,1,2.0,-0.07651310301533998
24196,Kepler-920,bc,15.436185198215773,3,2,3.0,4.1453950660719245
24366,Kepler-937,bc,2.2662074857629717,2,1,2.0,0.13310374288148585
24395,Kepler-94,bc,327.0658523669239,3,2,3.0,108.02195078897462
24545,Kepler-953,cb,9.704636694136825,3,2,3.0,2.2348788980456082
24671,Kepler-967,bc,15.022958534917176,3,2,3.0,4.007652844972392
24686,Kepler-968,bc,1.5460152290761402,3,1,1.5,0.030676819384093463
24716,Kepler-969,cb,20.30568524766203,3,2,3.0,5.768561749220677
24934,Kepler-990,cb,18.421337836043328,3,2,3.0,5.140445945347776
25017,L 98-59,bc,1.6380347158944897,5,2,1.6666666666666667,-0.017179170463306238
25019,L 98-59,cd,2.0188390191614567,2,1,2.0,0.009419509580728347
25025,LHS 1140,cb,6.547752989665507,3,2,3.0,1.1825843298885024
25031,LP 791-18,bc,5.263646288785397,3,2,3.0,0.7545487629284656
25138,NY Vir,bc,2.784493670886076,3,2,3.0,-0.07183544303797469
25153,OGLE-2006-BLG-109L,bc,2.7551020408163267,3,2,3.0,-0.08163265306122443
25386,Pr0211,bc,2259.913331158846,3,2,3.0,752.3044437196154
25436,TOI-125,bc,1.9662745221067206,2,1,2.0,-0.0168627389466397
25438,TOI-125,cd,2.183650705358187,2,1,2.0,0.09182535267909353
25454,TOI-216,bc,2.022541841454267,2,1,2.0,0.011270920727133538
25456,TOI-270,bc,1.6845348920263805,5,2,1.6666666666666667,0.010720935215828264
25458,TOI-270,cd,2.0105643432743743,2,1,2.0,0.0052821716371871386
25466,TRAPPIST-1,bc,1.6029320865627155,5,2,1.6666666666666667,-0.038240748062370766
25469,TRAPPIST-1,cd,1.6721327274372166,5,2,1.6666666666666667,0.0032796364623299376
25470,TRAPPIST-1,de,1.506222821456881,3,1,1.5,0.004148547637920608
25471,TRAPPIST-1,ef,1.5093887073200523,3,1,1.5,0.006259138213368172
25472,TRAPPIST-1,fg,1.341735194733395,4,1,1.3333333333333333,0.006301396050046371
25473,TRAPPIST-1,gh,1.5192334780222359,3,1,1.5,0.012822318681490566
25476,TYC 1422-614-1,bc,2.8190524193548385,3,2,3.0,-0.06031586021505383
25481,Teegarden's Star,bc,2.3236252545824847,2,1,2.0,0.16181262729124235
25553,V1298 Tau,cd,1.5034947233677352,3,1,1.5,0.002329815578490102
25554,V1298 Tau,db,1.9461598619711042,2,1,2.0,-0.026920069014447878
25551,V1298 Tau,be,2.485644368089132,2,1,2.0,0.2428221840445659
25873,WASP-41,bc,137.92418673724035,3,2,3.0,44.97472891241345
25925,WASP-47,eb,5.267433855163356,3,2,3.0,0.7558112850544519
25908,WASP-47,bd,2.171312843898635,2,1,2.0,0.08565642194931744
25917,WASP-47,dc,65.16609325672118,3,2,3.0,20.72203108557373
25958,WASP-53,bc,858.0464041767765,3,2,3.0,285.0154680589255
26068,WASP-8,bc,529.8622676781321,3,2,3.0,175.6207558927107
26157,XO-2 S,bc,6.653081456187696,3,2,3.0,1.2176938187292319
26187,YZ Cet,cb,2.617509805225022,3,2,3.0,-0.1274967315916594
26184,YZ Cet,bd,2.3653467156992214,2,1,2.0,0.1826733578496107
26213,gam Lib,bc,2.3232177263969174,2,1,2.0,0.16160886319845869
26240,rho CrB,bc,2.573420536166924,3,2,3.0,-0.1421931546110254
26249,tau Cet,gh,2.4705,2,1,2.0,0.23524999999999996
26250,tau Cet,he,3.2962962962962967,3,2,3.0,0.09876543209876558
26247,tau Cet,ef,3.90575305458341,3,2,3.0,0.3019176848611367
26255,ups And,bc,52.25390418478707,3,2,3.0,16.41796806159569
